{
  "$schema": "https://schemas.wp.org/trunk/theme.json",
  "title": "Blue Cream",
  "version": 2,
  "settings": {
    "color": {
      "palette": [
        {
          "slug": "raft-bg",
          "color": "#FFF0E9",
          "name": "Background"
        },
        {
          "slug": "raft-fg",
          "color": "#202220",
          "name": "Foreground"
        },
        {
          "slug": "raft-bg-alt",
          "color": "rgba(255, 255, 255, 0.3)",
          "name": "Background Alt"
        },
        {
          "slug": "raft-fg-alt",
          "color": "#FFFFFF",
          "name": "Foreground Alt"
        },
        {
          "slug": "raft-accent",
          "color": "#2A359E",
          "name": "Accent"
        }
      ]
    }
  },
  "styles": {
    "typography": {
      "fontFamily": "var(--wp--preset--font-family--figtree)"
    }
  }
}
